rp,i,width,u,ld,t0,e,w,curveID
0.1,nan,0.00012589254117941674,0.1 0.3,quadratic,0.0,0.0,0.0,curve0
0.1,nan,0.00012589254117941674,0.1 0.3,quadratic,0.0,0.0,0.0,curve1
0.1,nan,0.00012589254117941674,0.1 0.3,quadratic,0.0,0.0,0.0,curve2
0.1,nan,0.00012589254117941674,0.1 0.3,quadratic,0.0,0.0,0.0,curve3
0.1,nan,0.00012589254117941674,0.1 0.3,quadratic,0.0,0.0,0.0,curve4
0.1,nan,0.00012589254117941674,0.1 0.3,quadratic,0.0,0.0,0.0,curve5
0.1,nan,0.00012589254117941674,0.1 0.3,quadratic,0.0,0.0,0.0,curve6
0.1,nan,0.00012589254117941674,0.1 0.3,quadratic,0.0,0.0,0.0,curve7
0.1,nan,0.00012589254117941674,0.1 0.3,quadratic,0.0,0.0,0.0,curve8
0.1,nan,0.00012589254117941674,0.1 0.3,quadratic,0.0,0.0,0.0,curve9
0.1,90.0,0.0001406940923446931,0.1 0.3,quadratic,0.0,0.0,0.0,curve10
0.1,82.09858589779962,0.0001406940923446931,0.1 0.3,quadratic,0.0,0.0,0.0,curve11
0.1,74.19717179559923,0.0001406940923446931,0.1 0.3,quadratic,0.0,0.0,0.0,curve12
0.1,66.29575769339885,0.0001406940923446931,0.1 0.3,quadratic,0.0,0.0,0.0,curve13
0.1,58.39434359119847,0.0001406940923446931,0.1 0.3,quadratic,0.0,0.0,0.0,curve14
0.1,50.49292948899809,0.0001406940923446931,0.1 0.3,quadratic,0.0,0.0,0.0,curve15
0.1,42.59151538679771,0.0001406940923446931,0.1 0.3,quadratic,0.0,0.0,0.0,curve16
0.1,34.690101284597326,0.0001406940923446931,0.1 0.3,quadratic,0.0,0.0,0.0,curve17
0.1,26.78868718239694,0.0001406940923446931,0.1 0.3,quadratic,0.0,0.0,0.0,curve18
0.1,18.887273080196564,0.0001406940923446931,0.1 0.3,quadratic,0.0,0.0,0.0,curve19
0.1,90.0,0.00015723590480619734,0.1 0.3,quadratic,0.0,0.0,0.0,curve20
0.1,82.892113342468,0.00015723590480619734,0.1 0.3,quadratic,0.0,0.0,0.0,curve21
0.1,75.78422668493597,0.00015723590480619734,0.1 0.3,quadratic,0.0,0.0,0.0,curve22
0.1,68.67634002740397,0.00015723590480619734,0.1 0.3,quadratic,0.0,0.0,0.0,curve23
0.1,61.56845336987195,0.00015723590480619734,0.1 0.3,quadratic,0.0,0.0,0.0,curve24
0.1,54.46056671233994,0.00015723590480619734,0.1 0.3,quadratic,0.0,0.0,0.0,curve25
0.1,47.352680054807934,0.00015723590480619734,0.1 0.3,quadratic,0.0,0.0,0.0,curve26
0.1,40.24479339727592,0.00015723590480619734,0.1 0.3,quadratic,0.0,0.0,0.0,curve27
0.1,33.13690673974391,0.00015723590480619734,0.1 0.3,quadratic,0.0,0.0,0.0,curve28
0.1,26.029020082211893,0.00015723590480619734,0.1 0.3,quadratic,0.0,0.0,0.0,curve29
0.1,90.0,0.00017572258613142878,0.1 0.3,quadratic,0.0,0.0,0.0,curve30
0.1,83.42786876391493,0.00017572258613142878,0.1 0.3,quadratic,0.0,0.0,0.0,curve31
0.1,76.85573752782986,0.00017572258613142878,0.1 0.3,quadratic,0.0,0.0,0.0,curve32
0.1,70.28360629174477,0.00017572258613142878,0.1 0.3,quadratic,0.0,0.0,0.0,curve33
0.1,63.71147505565971,0.00017572258613142878,0.1 0.3,quadratic,0.0,0.0,0.0,curve34
0.1,57.13934381957464,0.00017572258613142878,0.1 0.3,quadratic,0.0,0.0,0.0,curve35
0.1,50.567212583489564,0.00017572258613142878,0.1 0.3,quadratic,0.0,0.0,0.0,curve36
0.1,43.99508134740449,0.00017572258613142878,0.1 0.3,quadratic,0.0,0.0,0.0,curve37
0.1,37.42295011131942,0.00017572258613142878,0.1 0.3,quadratic,0.0,0.0,0.0,curve38
0.1,30.850818875234353,0.00017572258613142878,0.1 0.3,quadratic,0.0,0.0,0.0,curve39
0.1,90.0,0.00019638280019297697,0.1 0.3,quadratic,0.0,0.0,0.0,curve40
0.1,83.85502372666711,0.00019638280019297697,0.1 0.3,quadratic,0.0,0.0,0.0,curve41
0.1,77.71004745333423,0.00019638280019297697,0.1 0.3,quadratic,0.0,0.0,0.0,curve42
0.1,71.56507118000133,0.00019638280019297697,0.1 0.3,quadratic,0.0,0.0,0.0,curve43
0.1,65.42009490666844,0.00019638280019297697,0.1 0.3,quadratic,0.0,0.0,0.0,curve44
0.1,59.27511863333555,0.00019638280019297697,0.1 0.3,quadratic,0.0,0.0,0.0,curve45
0.1,53.130142360002665,0.00019638280019297697,0.1 0.3,quadratic,0.0,0.0,0.0,curve46
0.1,46.98516608666977,0.00019638280019297697,0.1 0.3,quadratic,0.0,0.0,0.0,curve47
0.1,40.840189813336885,0.00019638280019297697,0.1 0.3,quadratic,0.0,0.0,0.0,curve48
0.1,34.695213540004,0.00019638280019297697,0.1 0.3,quadratic,0.0,0.0,0.0,curve49
0.1,90.0,0.000219472095538076,0.1 0.3,quadratic,0.0,0.0,0.0,curve50
0.1,84.21727365185868,0.000219472095538076,0.1 0.3,quadratic,0.0,0.0,0.0,curve51
0.1,78.43454730371735,0.000219472095538076,0.1 0.3,quadratic,0.0,0.0,0.0,curve52
0.1,72.65182095557603,0.000219472095538076,0.1 0.3,quadratic,0.0,0.0,0.0,curve53
0.1,66.86909460743472,0.000219472095538076,0.1 0.3,quadratic,0.0,0.0,0.0,curve54
0.1,61.086368259293394,0.000219472095538076,0.1 0.3,quadratic,0.0,0.0,0.0,curve55
0.1,55.30364191115207,0.000219472095538076,0.1 0.3,quadratic,0.0,0.0,0.0,curve56
0.1,49.52091556301075,0.000219472095538076,0.1 0.3,quadratic,0.0,0.0,0.0,curve57
0.1,43.73818921486943,0.000219472095538076,0.1 0.3,quadratic,0.0,0.0,0.0,curve58
0.1,37.955462866728105,0.000219472095538076,0.1 0.3,quadratic,0.0,0.0,0.0,curve59
0.1,90.0,0.00024527606629777033,0.1 0.3,quadratic,0.0,0.0,0.0,curve60
0.1,84.53476123902405,0.00024527606629777033,0.1 0.3,quadratic,0.0,0.0,0.0,curve61
0.1,79.0695224780481,0.00024527606629777033,0.1 0.3,quadratic,0.0,0.0,0.0,curve62
0.1,73.60428371707215,0.00024527606629777033,0.1 0.3,quadratic,0.0,0.0,0.0,curve63
0.1,68.1390449560962,0.00024527606629777033,0.1 0.3,quadratic,0.0,0.0,0.0,curve64
0.1,62.67380619512026,0.00024527606629777033,0.1 0.3,quadratic,0.0,0.0,0.0,curve65
0.1,57.208567434144314,0.00024527606629777033,0.1 0.3,quadratic,0.0,0.0,0.0,curve66
0.1,51.743328673168364,0.00024527606629777033,0.1 0.3,quadratic,0.0,0.0,0.0,curve67
0.1,46.278089912192414,0.00024527606629777033,0.1 0.3,quadratic,0.0,0.0,0.0,curve68
0.1,40.812851151216464,0.00024527606629777033,0.1 0.3,quadratic,0.0,0.0,0.0,curve69
0.1,90.0,0.0002741138847333373,0.1 0.3,quadratic,0.0,0.0,0.0,curve70
0.1,84.81878918328695,0.0002741138847333373,0.1 0.3,quadratic,0.0,0.0,0.0,curve71
0.1,79.63757836657389,0.0002741138847333373,0.1 0.3,quadratic,0.0,0.0,0.0,curve72
0.1,74.45636754986084,0.0002741138847333373,0.1 0.3,quadratic,0.0,0.0,0.0,curve73
0.1,69.27515673314778,0.0002741138847333373,0.1 0.3,quadratic,0.0,0.0,0.0,curve74
0.1,64.09394591643473,0.0002741138847333373,0.1 0.3,quadratic,0.0,0.0,0.0,curve75
0.1,58.91273509972168,0.0002741138847333373,0.1 0.3,quadratic,0.0,0.0,0.0,curve76
0.1,53.731524283008625,0.0002741138847333373,0.1 0.3,quadratic,0.0,0.0,0.0,curve77
0.1,48.55031346629557,0.0002741138847333373,0.1 0.3,quadratic,0.0,0.0,0.0,curve78
0.1,43.369102649582516,0.0002741138847333373,0.1 0.3,quadratic,0.0,0.0,0.0,curve79
0.1,90.0,0.00030634224911443956,0.1 0.3,quadratic,0.0,0.0,0.0,curve80
0.1,85.07647212935915,0.00030634224911443956,0.1 0.3,quadratic,0.0,0.0,0.0,curve81
0.1,80.15294425871829,0.00030634224911443956,0.1 0.3,quadratic,0.0,0.0,0.0,curve82
0.1,75.22941638807744,0.00030634224911443956,0.1 0.3,quadratic,0.0,0.0,0.0,curve83
0.1,70.30588851743659,0.00030634224911443956,0.1 0.3,quadratic,0.0,0.0,0.0,curve84
0.1,65.38236064679575,0.00030634224911443956,0.1 0.3,quadratic,0.0,0.0,0.0,curve85
0.1,60.45883277615489,0.00030634224911443956,0.1 0.3,quadratic,0.0,0.0,0.0,curve86
0.1,55.53530490551404,0.00030634224911443956,0.1 0.3,quadratic,0.0,0.0,0.0,curve87
0.1,50.611777034873185,0.00030634224911443956,0.1 0.3,quadratic,0.0,0.0,0.0,curve88
0.1,45.68824916423233,0.00030634224911443956,0.1 0.3,quadratic,0.0,0.0,0.0,curve89
0.1,90.0,0.000342359795760758,0.1 0.3,quadratic,0.0,0.0,0.0,curve90
0.1,85.31264396175658,0.000342359795760758,0.1 0.3,quadratic,0.0,0.0,0.0,curve91
0.1,80.62528792351316,0.000342359795760758,0.1 0.3,quadratic,0.0,0.0,0.0,curve92
0.1,75.93793188526975,0.000342359795760758,0.1 0.3,quadratic,0.0,0.0,0.0,curve93
0.1,71.25057584702633,0.000342359795760758,0.1 0.3,quadratic,0.0,0.0,0.0,curve94
0.1,66.5632198087829,0.000342359795760758,0.1 0.3,quadratic,0.0,0.0,0.0,curve95
0.1,61.87586377053949,0.000342359795760758,0.1 0.3,quadratic,0.0,0.0,0.0,curve96
0.1,57.188507732296074,0.000342359795760758,0.1 0.3,quadratic,0.0,0.0,0.0,curve97
0.1,52.50115169405265,0.000342359795760758,0.1 0.3,quadratic,0.0,0.0,0.0,curve98
0.1,47.81379565580923,0.000342359795760758,0.1 0.3,quadratic,0.0,0.0,0.0,curve99
0.1,90.0,0.0003826120298201575,0.1 0.3,quadratic,0.0,0.0,0.0,curve100
0.1,85.53077384297262,0.0003826120298201575,0.1 0.3,quadratic,0.0,0.0,0.0,curve101
0.1,81.06154768594526,0.0003826120298201575,0.1 0.3,quadratic,0.0,0.0,0.0,curve102
0.1,76.59232152891788,0.0003826120298201575,0.1 0.3,quadratic,0.0,0.0,0.0,curve103
0.1,72.12309537189051,0.0003826120298201575,0.1 0.3,quadratic,0.0,0.0,0.0,curve104
0.1,67.65386921486314,0.0003826120298201575,0.1 0.3,quadratic,0.0,0.0,0.0,curve105
0.1,63.184643057835764,0.0003826120298201575,0.1 0.3,quadratic,0.0,0.0,0.0,curve106
0.1,58.71541690080839,0.0003826120298201575,0.1 0.3,quadratic,0.0,0.0,0.0,curve107
0.1,54.24619074378102,0.0003826120298201575,0.1 0.3,quadratic,0.0,0.0,0.0,curve108
0.1,49.77696458675365,0.0003826120298201575,0.1 0.3,quadratic,0.0,0.0,0.0,curve109
0.1,90.0,0.00042759683577273794,0.1 0.3,quadratic,0.0,0.0,0.0,curve110
0.1,85.73345655547037,0.00042759683577273794,0.1 0.3,quadratic,0.0,0.0,0.0,curve111
0.1,81.46691311094075,0.00042759683577273794,0.1 0.3,quadratic,0.0,0.0,0.0,curve112
0.1,77.20036966641112,0.00042759683577273794,0.1 0.3,quadratic,0.0,0.0,0.0,curve113
0.1,72.9338262218815,0.00042759683577273794,0.1 0.3,quadratic,0.0,0.0,0.0,curve114
0.1,68.66728277735187,0.00042759683577273794,0.1 0.3,quadratic,0.0,0.0,0.0,curve115
0.1,64.40073933282224,0.00042759683577273794,0.1 0.3,quadratic,0.0,0.0,0.0,curve116
0.1,60.134195888292616,0.00042759683577273794,0.1 0.3,quadratic,0.0,0.0,0.0,curve117
0.1,55.86765244376299,0.00042759683577273794,0.1 0.3,quadratic,0.0,0.0,0.0,curve118
0.1,51.60110899923337,0.00042759683577273794,0.1 0.3,quadratic,0.0,0.0,0.0,curve119
0.1,90.0,0.00047787063582083205,0.1 0.3,quadratic,0.0,0.0,0.0,curve120
0.1,85.92269671702545,0.00047787063582083205,0.1 0.3,quadratic,0.0,0.0,0.0,curve121
0.1,81.84539343405089,0.00047787063582083205,0.1 0.3,quadratic,0.0,0.0,0.0,curve122
0.1,77.76809015107634,0.00047787063582083205,0.1 0.3,quadratic,0.0,0.0,0.0,curve123
0.1,73.69078686810178,0.00047787063582083205,0.1 0.3,quadratic,0.0,0.0,0.0,curve124
0.1,69.61348358512723,0.00047787063582083205,0.1 0.3,quadratic,0.0,0.0,0.0,curve125
0.1,65.53618030215266,0.00047787063582083205,0.1 0.3,quadratic,0.0,0.0,0.0,curve126
0.1,61.458877019178104,0.00047787063582083205,0.1 0.3,quadratic,0.0,0.0,0.0,curve127
0.1,57.38157373620355,0.00047787063582083205,0.1 0.3,quadratic,0.0,0.0,0.0,curve128
0.1,53.304270453228995,0.00047787063582083205,0.1 0.3,quadratic,0.0,0.0,0.0,curve129
0.1,90.0,0.0005340552723387715,0.1 0.3,quadratic,0.0,0.0,0.0,curve130
0.1,86.10008390929804,0.0005340552723387715,0.1 0.3,quadratic,0.0,0.0,0.0,curve131
0.1,82.20016781859607,0.0005340552723387715,0.1 0.3,quadratic,0.0,0.0,0.0,curve132
0.1,78.3002517278941,0.0005340552723387715,0.1 0.3,quadratic,0.0,0.0,0.0,curve133
0.1,74.40033563719216,0.0005340552723387715,0.1 0.3,quadratic,0.0,0.0,0.0,curve134
0.1,70.50041954649019,0.0005340552723387715,0.1 0.3,quadratic,0.0,0.0,0.0,curve135
0.1,66.60050345578823,0.0005340552723387715,0.1 0.3,quadratic,0.0,0.0,0.0,curve136
0.1,62.700587365086264,0.0005340552723387715,0.1 0.3,quadratic,0.0,0.0,0.0,curve137
0.1,58.80067127438431,0.0005340552723387715,0.1 0.3,quadratic,0.0,0.0,0.0,curve138
0.1,54.90075518368234,0.0005340552723387715,0.1 0.3,quadratic,0.0,0.0,0.0,curve139
0.1,90.0,0.000596845699512231,0.1 0.3,quadratic,0.0,0.0,0.0,curve140
0.1,86.26690596166159,0.000596845699512231,0.1 0.3,quadratic,0.0,0.0,0.0,curve141
0.1,82.5338119233232,0.000596845699512231,0.1 0.3,quadratic,0.0,0.0,0.0,curve142
0.1,78.80071788498479,0.000596845699512231,0.1 0.3,quadratic,0.0,0.0,0.0,curve143
0.1,75.06762384664638,0.000596845699512231,0.1 0.3,quadratic,0.0,0.0,0.0,curve144
0.1,71.33452980830799,0.000596845699512231,0.1 0.3,quadratic,0.0,0.0,0.0,curve145
0.1,67.60143576996958,0.000596845699512231,0.1 0.3,quadratic,0.0,0.0,0.0,curve146
0.1,63.86834173163118,0.000596845699512231,0.1 0.3,quadratic,0.0,0.0,0.0,curve147
0.1,60.13524769329278,0.000596845699512231,0.1 0.3,quadratic,0.0,0.0,0.0,curve148
0.1,56.402153654954375,0.000596845699512231,0.1 0.3,quadratic,0.0,0.0,0.0,curve149
0.1,90.0,0.0006670185793059216,0.1 0.3,quadratic,0.0,0.0,0.0,curve150
0.1,86.42422518944409,0.0006670185793059216,0.1 0.3,quadratic,0.0,0.0,0.0,curve151
0.1,82.84845037888816,0.0006670185793059216,0.1 0.3,quadratic,0.0,0.0,0.0,curve152
0.1,79.27267556833225,0.0006670185793059216,0.1 0.3,quadratic,0.0,0.0,0.0,curve153
0.1,75.69690075777633,0.0006670185793059216,0.1 0.3,quadratic,0.0,0.0,0.0,curve154
0.1,72.1211259472204,0.0006670185793059216,0.1 0.3,quadratic,0.0,0.0,0.0,curve155
0.1,68.5453511366645,0.0006670185793059216,0.1 0.3,quadratic,0.0,0.0,0.0,curve156
0.1,64.96957632610858,0.0006670185793059216,0.1 0.3,quadratic,0.0,0.0,0.0,curve157
0.1,61.39380151555265,0.0006670185793059216,0.1 0.3,quadratic,0.0,0.0,0.0,curve158
0.1,57.81802670499674,0.0006670185793059216,0.1 0.3,quadratic,0.0,0.0,0.0,curve159
0.1,90.0,0.0007454418880841294,0.1 0.3,quadratic,0.0,0.0,0.0,curve160
0.1,86.57293141779833,0.0007454418880841294,0.1 0.3,quadratic,0.0,0.0,0.0,curve161
0.1,83.14586283559667,0.0007454418880841294,0.1 0.3,quadratic,0.0,0.0,0.0,curve162
0.1,79.718794253395,0.0007454418880841294,0.1 0.3,quadratic,0.0,0.0,0.0,curve163
0.1,76.29172567119333,0.0007454418880841294,0.1 0.3,quadratic,0.0,0.0,0.0,curve164
0.1,72.86465708899166,0.0007454418880841294,0.1 0.3,quadratic,0.0,0.0,0.0,curve165
0.1,69.43758850679001,0.0007454418880841294,0.1 0.3,quadratic,0.0,0.0,0.0,curve166
0.1,66.01051992458834,0.0007454418880841294,0.1 0.3,quadratic,0.0,0.0,0.0,curve167
0.1,62.583451342386674,0.0007454418880841294,0.1 0.3,quadratic,0.0,0.0,0.0,curve168
0.1,59.15638276018501,0.0007454418880841294,0.1 0.3,quadratic,0.0,0.0,0.0,curve169
0.1,90.0,0.000833085652709491,0.1 0.3,quadratic,0.0,0.0,0.0,curve170
0.1,86.71377989987816,0.000833085652709491,0.1 0.3,quadratic,0.0,0.0,0.0,curve171
0.1,83.42755979975632,0.000833085652709491,0.1 0.3,quadratic,0.0,0.0,0.0,curve172
0.1,80.14133969963447,0.000833085652709491,0.1 0.3,quadratic,0.0,0.0,0.0,curve173
0.1,76.85511959951263,0.000833085652709491,0.1 0.3,quadratic,0.0,0.0,0.0,curve174
0.1,73.5688994993908,0.000833085652709491,0.1 0.3,quadratic,0.0,0.0,0.0,curve175
0.1,70.28267939926896,0.000833085652709491,0.1 0.3,quadratic,0.0,0.0,0.0,curve176
0.1,66.99645929914712,0.000833085652709491,0.1 0.3,quadratic,0.0,0.0,0.0,curve177
0.1,63.710239199025274,0.000833085652709491,0.1 0.3,quadratic,0.0,0.0,0.0,curve178
0.1,60.42401909890343,0.000833085652709491,0.1 0.3,quadratic,0.0,0.0,0.0,curve179
0.1,90.0,0.000931033948916044,0.1 0.3,quadratic,0.0,0.0,0.0,curve180
0.1,86.847419086289,0.000931033948916044,0.1 0.3,quadratic,0.0,0.0,0.0,curve181
0.1,83.69483817257799,0.000931033948916044,0.1 0.3,quadratic,0.0,0.0,0.0,curve182
0.1,80.54225725886698,0.000931033948916044,0.1 0.3,quadratic,0.0,0.0,0.0,curve183
0.1,77.38967634515598,0.000931033948916044,0.1 0.3,quadratic,0.0,0.0,0.0,curve184
0.1,74.23709543144497,0.000931033948916044,0.1 0.3,quadratic,0.0,0.0,0.0,curve185
0.1,71.08451451773396,0.000931033948916044,0.1 0.3,quadratic,0.0,0.0,0.0,curve186
0.1,67.93193360402296,0.000931033948916044,0.1 0.3,quadratic,0.0,0.0,0.0,curve187
0.1,64.77935269031195,0.000931033948916044,0.1 0.3,quadratic,0.0,0.0,0.0,curve188
0.1,61.62677177660095,0.000931033948916044,0.1 0.3,quadratic,0.0,0.0,0.0,curve189
0.1,90.0,0.0010404983103657853,0.1 0.3,quadratic,0.0,0.0,0.0,curve190
0.1,86.97441138607749,0.0010404983103657853,0.1 0.3,quadratic,0.0,0.0,0.0,curve191
0.1,83.94882277215498,0.0010404983103657853,0.1 0.3,quadratic,0.0,0.0,0.0,curve192
0.1,80.92323415823248,0.0010404983103657853,0.1 0.3,quadratic,0.0,0.0,0.0,curve193
0.1,77.89764554430997,0.0010404983103657853,0.1 0.3,quadratic,0.0,0.0,0.0,curve194
0.1,74.87205693038746,0.0010404983103657853,0.1 0.3,quadratic,0.0,0.0,0.0,curve195
0.1,71.84646831646495,0.0010404983103657853,0.1 0.3,quadratic,0.0,0.0,0.0,curve196
0.1,68.82087970254244,0.0010404983103657853,0.1 0.3,quadratic,0.0,0.0,0.0,curve197
0.1,65.79529108861993,0.0010404983103657853,0.1 0.3,quadratic,0.0,0.0,0.0,curve198
0.1,62.769702474697425,0.0010404983103657853,0.1 0.3,quadratic,0.0,0.0,0.0,curve199
0.1,90.0,0.0011628327142469011,0.1 0.3,quadratic,0.0,0.0,0.0,curve200
0.1,87.0952489707751,0.0011628327142469011,0.1 0.3,quadratic,0.0,0.0,0.0,curve201
0.1,84.1904979415502,0.0011628327142469011,0.1 0.3,quadratic,0.0,0.0,0.0,curve202
0.1,81.28574691232531,0.0011628327142469011,0.1 0.3,quadratic,0.0,0.0,0.0,curve203
0.1,78.38099588310041,0.0011628327142469011,0.1 0.3,quadratic,0.0,0.0,0.0,curve204
0.1,75.47624485387551,0.0011628327142469011,0.1 0.3,quadratic,0.0,0.0,0.0,curve205
0.1,72.57149382465062,0.0011628327142469011,0.1 0.3,quadratic,0.0,0.0,0.0,curve206
0.1,69.6667427954257,0.0011628327142469011,0.1 0.3,quadratic,0.0,0.0,0.0,curve207
0.1,66.76199176620082,0.0011628327142469011,0.1 0.3,quadratic,0.0,0.0,0.0,curve208
0.1,63.85724073697592,0.0011628327142469011,0.1 0.3,quadratic,0.0,0.0,0.0,curve209
0.1,90.0,0.00129955032877224,0.1 0.3,quadratic,0.0,0.0,0.0,curve210
0.1,87.21036599817427,0.00129955032877224,0.1 0.3,quadratic,0.0,0.0,0.0,curve211
0.1,84.42073199634854,0.00129955032877224,0.1 0.3,quadratic,0.0,0.0,0.0,curve212
0.1,81.6310979945228,0.00129955032877224,0.1 0.3,quadratic,0.0,0.0,0.0,curve213
0.1,78.84146399269709,0.00129955032877224,0.1 0.3,quadratic,0.0,0.0,0.0,curve214
0.1,76.05182999087135,0.00129955032877224,0.1 0.3,quadratic,0.0,0.0,0.0,curve215
0.1,73.26219598904562,0.00129955032877224,0.1 0.3,quadratic,0.0,0.0,0.0,curve216
0.1,70.47256198721989,0.00129955032877224,0.1 0.3,quadratic,0.0,0.0,0.0,curve217
0.1,67.68292798539416,0.00129955032877224,0.1 0.3,quadratic,0.0,0.0,0.0,curve218
0.1,64.89329398356844,0.00129955032877224,0.1 0.3,quadratic,0.0,0.0,0.0,curve219
0.1,90.0,0.0014523422297297447,0.1 0.3,quadratic,0.0,0.0,0.0,curve220
0.1,87.32014820173328,0.0014523422297297447,0.1 0.3,quadratic,0.0,0.0,0.0,curve221
0.1,84.64029640346655,0.0014523422297297447,0.1 0.3,quadratic,0.0,0.0,0.0,curve222
0.1,81.96044460519983,0.0014523422297297447,0.1 0.3,quadratic,0.0,0.0,0.0,curve223
0.1,79.28059280693309,0.0014523422297297447,0.1 0.3,quadratic,0.0,0.0,0.0,curve224
0.1,76.60074100866636,0.0014523422297297447,0.1 0.3,quadratic,0.0,0.0,0.0,curve225
0.1,73.92088921039964,0.0014523422297297447,0.1 0.3,quadratic,0.0,0.0,0.0,curve226
0.1,71.24103741213291,0.0014523422297297447,0.1 0.3,quadratic,0.0,0.0,0.0,curve227
0.1,68.56118561386619,0.0014523422297297447,0.1 0.3,quadratic,0.0,0.0,0.0,curve228
0.1,65.88133381559945,0.0014523422297297447,0.1 0.3,quadratic,0.0,0.0,0.0,curve229
0.1,90.0,0.00162309831759201,0.1 0.3,quadratic,0.0,0.0,0.0,curve230
0.1,87.4249405092776,0.00162309831759201,0.1 0.3,quadratic,0.0,0.0,0.0,curve231
0.1,84.84988101855522,0.00162309831759201,0.1 0.3,quadratic,0.0,0.0,0.0,curve232
0.1,82.27482152783284,0.00162309831759201,0.1 0.3,quadratic,0.0,0.0,0.0,curve233
0.1,79.69976203711045,0.00162309831759201,0.1 0.3,quadratic,0.0,0.0,0.0,curve234
0.1,77.12470254638805,0.00162309831759201,0.1 0.3,quadratic,0.0,0.0,0.0,curve235
0.1,74.54964305566567,0.00162309831759201,0.1 0.3,quadratic,0.0,0.0,0.0,curve236
0.1,71.97458356494329,0.00162309831759201,0.1 0.3,quadratic,0.0,0.0,0.0,curve237
0.1,69.39952407422089,0.00162309831759201,0.1 0.3,quadratic,0.0,0.0,0.0,curve238
0.1,66.8244645834985,0.00162309831759201,0.1 0.3,quadratic,0.0,0.0,0.0,curve239
0.1,90.0,0.0018139306939110632,0.1 0.3,quadratic,0.0,0.0,0.0,curve240
0.1,87.52505316544251,0.0018139306939110632,0.1 0.3,quadratic,0.0,0.0,0.0,curve241
0.1,85.05010633088504,0.0018139306939110632,0.1 0.3,quadratic,0.0,0.0,0.0,curve242
0.1,82.57515949632756,0.0018139306939110632,0.1 0.3,quadratic,0.0,0.0,0.0,curve243
0.1,80.10021266177007,0.0018139306939110632,0.1 0.3,quadratic,0.0,0.0,0.0,curve244
0.1,77.62526582721259,0.0018139306939110632,0.1 0.3,quadratic,0.0,0.0,0.0,curve245
0.1,75.15031899265512,0.0018139306939110632,0.1 0.3,quadratic,0.0,0.0,0.0,curve246
0.1,72.67537215809763,0.0018139306939110632,0.1 0.3,quadratic,0.0,0.0,0.0,curve247
0.1,70.20042532354014,0.0018139306939110632,0.1 0.3,quadratic,0.0,0.0,0.0,curve248
0.1,67.72547848898267,0.0018139306939110632,0.1 0.3,quadratic,0.0,0.0,0.0,curve249
0.1,90.0,0.0020271997861436666,0.1 0.3,quadratic,0.0,0.0,0.0,curve250
0.1,87.62076670278336,0.0020271997861436666,0.1 0.3,quadratic,0.0,0.0,0.0,curve251
0.1,85.24153340556671,0.0020271997861436666,0.1 0.3,quadratic,0.0,0.0,0.0,curve252
0.1,82.86230010835008,0.0020271997861436666,0.1 0.3,quadratic,0.0,0.0,0.0,curve253
0.1,80.48306681113344,0.0020271997861436666,0.1 0.3,quadratic,0.0,0.0,0.0,curve254
0.1,78.1038335139168,0.0020271997861436666,0.1 0.3,quadratic,0.0,0.0,0.0,curve255
0.1,75.72460021670015,0.0020271997861436666,0.1 0.3,quadratic,0.0,0.0,0.0,curve256
0.1,73.34536691948351,0.0020271997861436666,0.1 0.3,quadratic,0.0,0.0,0.0,curve257
0.1,70.96613362226688,0.0020271997861436666,0.1 0.3,quadratic,0.0,0.0,0.0,curve258
0.1,68.58690032505024,0.0020271997861436666,0.1 0.3,quadratic,0.0,0.0,0.0,curve259
0.1,90.0,0.0022655435440481152,0.1 0.3,quadratic,0.0,0.0,0.0,curve260
0.1,87.71233601616254,0.0022655435440481152,0.1 0.3,quadratic,0.0,0.0,0.0,curve261
0.1,85.42467203232508,0.0022655435440481152,0.1 0.3,quadratic,0.0,0.0,0.0,curve262
0.1,83.13700804848763,0.0022655435440481152,0.1 0.3,quadratic,0.0,0.0,0.0,curve263
0.1,80.84934406465017,0.0022655435440481152,0.1 0.3,quadratic,0.0,0.0,0.0,curve264
0.1,78.5616800808127,0.0022655435440481152,0.1 0.3,quadratic,0.0,0.0,0.0,curve265
0.1,76.27401609697525,0.0022655435440481152,0.1 0.3,quadratic,0.0,0.0,0.0,curve266
0.1,73.98635211313778,0.0022655435440481152,0.1 0.3,quadratic,0.0,0.0,0.0,curve267
0.1,71.69868812930034,0.0022655435440481152,0.1 0.3,quadratic,0.0,0.0,0.0,curve268
0.1,69.41102414546287,0.0022655435440481152,0.1 0.3,quadratic,0.0,0.0,0.0,curve269
0.1,90.0,0.0025319100687860615,0.1 0.3,quadratic,0.0,0.0,0.0,curve270
0.1,87.79999373096786,0.0025319100687860615,0.1 0.3,quadratic,0.0,0.0,0.0,curve271
0.1,85.59998746193573,0.0025319100687860615,0.1 0.3,quadratic,0.0,0.0,0.0,curve272
0.1,83.3999811929036,0.0025319100687860615,0.1 0.3,quadratic,0.0,0.0,0.0,curve273
0.1,81.19997492387145,0.0025319100687860615,0.1 0.3,quadratic,0.0,0.0,0.0,curve274
0.1,78.99996865483931,0.0025319100687860615,0.1 0.3,quadratic,0.0,0.0,0.0,curve275
0.1,76.79996238580718,0.0025319100687860615,0.1 0.3,quadratic,0.0,0.0,0.0,curve276
0.1,74.59995611677505,0.0025319100687860615,0.1 0.3,quadratic,0.0,0.0,0.0,curve277
0.1,72.3999498477429,0.0025319100687860615,0.1 0.3,quadratic,0.0,0.0,0.0,curve278
0.1,70.19994357871076,0.0025319100687860615,0.1 0.3,quadratic,0.0,0.0,0.0,curve279
0.1,90.0,0.0028295940783224626,0.1 0.3,quadratic,0.0,0.0,0.0,curve280
0.1,87.88395300958722,0.0028295940783224626,0.1 0.3,quadratic,0.0,0.0,0.0,curve281
0.1,85.76790601917442,0.0028295940783224626,0.1 0.3,quadratic,0.0,0.0,0.0,curve282
0.1,83.65185902876163,0.0028295940783224626,0.1 0.3,quadratic,0.0,0.0,0.0,curve283
0.1,81.53581203834885,0.0028295940783224626,0.1 0.3,quadratic,0.0,0.0,0.0,curve284
0.1,79.41976504793607,0.0028295940783224626,0.1 0.3,quadratic,0.0,0.0,0.0,curve285
0.1,77.30371805752327,0.0028295940783224626,0.1 0.3,quadratic,0.0,0.0,0.0,curve286
0.1,75.18767106711049,0.0028295940783224626,0.1 0.3,quadratic,0.0,0.0,0.0,curve287
0.1,73.0716240766977,0.0028295940783224626,0.1 0.3,quadratic,0.0,0.0,0.0,curve288
0.1,70.9555770862849,0.0028295940783224626,0.1 0.3,quadratic,0.0,0.0,0.0,curve289
0.1,90.0,0.0031622776601683794,0.1 0.3,quadratic,0.0,0.0,0.0,curve290
0.1,87.96440990687356,0.0031622776601683794,0.1 0.3,quadratic,0.0,0.0,0.0,curve291
0.1,85.92881981374713,0.0031622776601683794,0.1 0.3,quadratic,0.0,0.0,0.0,curve292
0.1,83.8932297206207,0.0031622776601683794,0.1 0.3,quadratic,0.0,0.0,0.0,curve293
0.1,81.85763962749425,0.0031622776601683794,0.1 0.3,quadratic,0.0,0.0,0.0,curve294
0.1,79.8220495343678,0.0031622776601683794,0.1 0.3,quadratic,0.0,0.0,0.0,curve295
0.1,77.78645944124138,0.0031622776601683794,0.1 0.3,quadratic,0.0,0.0,0.0,curve296
0.1,75.75086934811495,0.0031622776601683794,0.1 0.3,quadratic,0.0,0.0,0.0,curve297
0.1,73.7152792549885,0.0031622776601683794,0.1 0.3,quadratic,0.0,0.0,0.0,curve298
0.1,71.67968916186206,0.0031622776601683794,0.1 0.3,quadratic,0.0,0.0,0.0,curve299
